{
  "project_info": {
    "project_number": "342307846143",
    "project_id": "messenger-f7246",
    "storage_bucket": "messenger-f7246.appspot.com"
  },
  "client": [
    {
      "client_info": {
        "mobilesdk_app_id": "1:342307846143:android:cd897918b134d6c08599ca",
        "android_client_info": {
          "package_name": "com.example.messenger"
        }
      },
      "oauth_client": [
        {
          "client_id": "342307846143-r5n5cbnur7bfgv5p0grckbipfaqt3lgm.apps.googleusercontent.com",
          "client_type": 3
        }
      ],
      "api_key": [
        {
          "current_key": "AIzaSyD-tnnKhCIk0erXN_12wd8c7R_H5sGZ3aA"
        }
      ],
      "services": {
        "appinvite_service": {
          "other_platform_oauth_client": [
            {
              "client_id": "342307846143-r5n5cbnur7bfgv5p0grckbipfaqt3lgm.apps.googleusercontent.com",
              "client_type": 3
            }
          ]
        }
      }
    }
  ],
  "configuration_version": "1"
}